doc_id,org,year,orig_path,clean_path,orig_encoding,bytes,sha1
9c4591e4d5097bbadd91a94c047f282e3a37a990,ARF,1994,ARF_1994.txt,ARF_1994.txt,utf-8,4484,9c4591e4d5097bbadd91a94c047f282e3a37a990
c40c097eda8470121e024e3904811c8bc6557a86,ARF,1995,ARF_1995.txt,ARF_1995.txt,utf-8,27477,c40c097eda8470121e024e3904811c8bc6557a86
2756253c714158a9b8f4c4b3a4226a5bf493a51e,ARF,1996,ARF_1996.txt,ARF_1996.txt,utf-8,51964,2756253c714158a9b8f4c4b3a4226a5bf493a51e
f34c3da635e4c88a72f2e38b48df2329fb8b9ffe,ARF,1997,ARF_1997.txt,ARF_1997.txt,utf-8,83888,f34c3da635e4c88a72f2e38b48df2329fb8b9ffe
82df5b9edc53af728dce8f3db5cdf099d9c705e5,ARF,1998,ARF_1998.txt,ARF_1998.txt,utf-8,100064,82df5b9edc53af728dce8f3db5cdf099d9c705e5
6b75bd8b56751474464df97be28ae9c6cc68d066,ARF,1999,ARF_1999.txt,ARF_1999.txt,utf-8,86048,6b75bd8b56751474464df97be28ae9c6cc68d066
a1037110a2cb806e114985605e9d23d5ddfa0623,ARF,2000,ARF_2000.txt,ARF_2000.txt,utf-8,64623,a1037110a2cb806e114985605e9d23d5ddfa0623
c3a0166e9155ece975f7d5e61e0093ed9497b844,ARF,2001,ARF_2001.txt,ARF_2001.txt,utf-8,94294,c3a0166e9155ece975f7d5e61e0093ed9497b844
82aa2a4c52793990cdff44385d305579b53c33b0,ARF,2002,ARF_2002.txt,ARF_2002.txt,utf-8,77442,82aa2a4c52793990cdff44385d305579b53c33b0
309a4ceb563ee0b76b8b0c411372494fc385666c,ARF,2003,ARF_2003.txt,ARF_2003.txt,utf-8,125339,309a4ceb563ee0b76b8b0c411372494fc385666c
5cb9c6fbeaf427305290bac791d6c623a4f83faf,ARF,2004,ARF_2004.txt,ARF_2004.txt,utf-8,103103,5cb9c6fbeaf427305290bac791d6c623a4f83faf
8c6b01b7b7e87b2d12a808e6aed9a604d7a07979,ARF,2005,ARF_2005.txt,ARF_2005.txt,utf-8,182668,8c6b01b7b7e87b2d12a808e6aed9a604d7a07979
0019fb77f59a65cd1c50991a7f38dff00873edb1,ARF,2006,ARF_2006.txt,ARF_2006.txt,utf-8,266909,0019fb77f59a65cd1c50991a7f38dff00873edb1
ad2a50ea76ddd21889ac45ffbac1f794bb47e78f,ARF,2008,ARF_2008.txt,ARF_2008.txt,utf-8,374091,ad2a50ea76ddd21889ac45ffbac1f794bb47e78f
abf475b9777491a35867999d334692ece6544393,ARF,2009,ARF_2009.txt,ARF_2009.txt,utf-8,424452,abf475b9777491a35867999d334692ece6544393
085388476598efc9eb8bba91ac2dcd1ca5c9cec5,ARF,2011,ARF_2011.txt,ARF_2011.txt,utf-8,568603,085388476598efc9eb8bba91ac2dcd1ca5c9cec5
521c1061f2abcf5a96ea2ddc30ecbb8bf6687c8c,ARF,2013,ARF_2013.txt,ARF_2013.txt,utf-8,542528,521c1061f2abcf5a96ea2ddc30ecbb8bf6687c8c
89a264213166dd7406273364035f010fbf2e0ee0,ARF,2014,ARF_2014.txt,ARF_2014.txt,utf-8,496996,89a264213166dd7406273364035f010fbf2e0ee0
e4c23c7c21dc14f735b064e94d9c20b51bedba59,ARF,2015,ARF_2015.txt,ARF_2015.txt,utf-8,684750,e4c23c7c21dc14f735b064e94d9c20b51bedba59
7e1d25c005cc990d298ef08076f0787a9f69329c,ARF,2016,ARF_2016.txt,ARF_2016.txt,utf-8,3485,7e1d25c005cc990d298ef08076f0787a9f69329c
78bcbd1b65f0ef8640d79a35331f9fdb73a483f7,ARF,2017,ARF_2017.txt,ARF_2017.txt,utf-8,836562,78bcbd1b65f0ef8640d79a35331f9fdb73a483f7
555dcb4e7a18b898f081fa7465eaaafd075a235a,ARF,2018,ARF_2018.txt,ARF_2018.txt,utf-8,788903,555dcb4e7a18b898f081fa7465eaaafd075a235a
e3c09a071ff645e97f31ff1ded934aa9fc485cb2,ARF,2019,ARF_2019.txt,ARF_2019.txt,utf-8,842584,e3c09a071ff645e97f31ff1ded934aa9fc485cb2
c4e59b13c6e88b76bb4e2620f410aed5ce8f1af7,ARF,2020,ARF_2020.txt,ARF_2020.txt,utf-8,975654,c4e59b13c6e88b76bb4e2620f410aed5ce8f1af7
be8bba9a46228411cc0d1a721a19fce86dc9a8aa,ARF,2021,ARF_2021.txt,ARF_2021.txt,utf-8,1046555,be8bba9a46228411cc0d1a721a19fce86dc9a8aa
0e4f90ef78a1fea5d9dfa36993bf243b3373ae3c,ARF,2022,ARF_2022.txt,ARF_2022.txt,utf-8,1038319,0e4f90ef78a1fea5d9dfa36993bf243b3373ae3c
fecf83e655aeb6fbb7160ccf78580dba4f48f8d2,ARF,2023,ARF_2023.txt,ARF_2023.txt,utf-8,1041204,fecf83e655aeb6fbb7160ccf78580dba4f48f8d2
4774ac040edf43b05e0854f5b546c99af18fd76e,ARF,2024,ARF_2024.txt,ARF_2024.txt,utf-8,1051498,4774ac040edf43b05e0854f5b546c99af18fd76e
3cd0217e6caaca8e6c5d1c825486d1dded9512cc,CARICOM,2014,CARICOM_2014.txt,CARICOM_2014.txt,utf-8,156457,3cd0217e6caaca8e6c5d1c825486d1dded9512cc
b85f3d36c02a3dba4f39377596fdc604c180a08b,CARICOM,2015,CARICOM_2015.txt,CARICOM_2015.txt,utf-8,170281,b85f3d36c02a3dba4f39377596fdc604c180a08b
1b0c205e6a01f2f33c824af27dc94064de84e9cc,CARICOM,2016,CARICOM_2016.txt,CARICOM_2016.txt,utf-8,177430,1b0c205e6a01f2f33c824af27dc94064de84e9cc
c3dece17c6bdecdf7a8f263a3817d6a6018cd08a,CARICOM,2017,CARICOM_2017.txt,CARICOM_2017.txt,utf-8,188415,c3dece17c6bdecdf7a8f263a3817d6a6018cd08a
d3d061e1c833134375180c843cfca9933bfe635c,CARICOM,2018,CARICOM_2018.txt,CARICOM_2018.txt,utf-8,172573,d3d061e1c833134375180c843cfca9933bfe635c
e8a53b83d7b452cfe8647efec0a64672a596de2f,CARICOM,2019,CARICOM_2019.txt,CARICOM_2019.txt,utf-8,182304,e8a53b83d7b452cfe8647efec0a64672a596de2f
8b7172ee1b8d096c1fa2ed846abbb22b95d2989e,CARICOM,2020,CARICOM_2020.txt,CARICOM_2020.txt,utf-8,159521,8b7172ee1b8d096c1fa2ed846abbb22b95d2989e
5a898c7d450b4926bab76e44ca728b8422bb6d9f,CARICOM,2021,CARICOM_2021.txt,CARICOM_2021.txt,utf-8,147465,5a898c7d450b4926bab76e44ca728b8422bb6d9f
33efee710aa731fd2532074df3eae8166a056921,CARICOM,2022,CARICOM_2022.txt,CARICOM_2022.txt,utf-8,151729,33efee710aa731fd2532074df3eae8166a056921
35e54bbb70f0fd73b6e96efd06ab9c2370e4f3c0,IAEA,1998,IAEA_1998.txt,IAEA_1998.txt,utf-8,433329,35e54bbb70f0fd73b6e96efd06ab9c2370e4f3c0
565a7a7a459ac1ae36f4da9bba4c129fb3c12e12,IAEA,1999,IAEA_1999.txt,IAEA_1999.txt,utf-8,433328,565a7a7a459ac1ae36f4da9bba4c129fb3c12e12
0c8ead2ed4c8b0985c5ead5fd53c57f68b6e110e,IAEA,2000,IAEA_2000.txt,IAEA_2000.txt,utf-8,566392,0c8ead2ed4c8b0985c5ead5fd53c57f68b6e110e
63d78d9dc7803cbeaf20f50505339509412ac46a,IAEA,2001,IAEA_2001.txt,IAEA_2001.txt,utf-8,515800,63d78d9dc7803cbeaf20f50505339509412ac46a
f5e19648eb043de1b1ec345b92323b8cdf9b81ed,IAEA,2002,IAEA_2002.txt,IAEA_2002.txt,utf-8,426713,f5e19648eb043de1b1ec345b92323b8cdf9b81ed
40720d76bf061d16b23d6709eda5cbff6d026169,IAEA,2003,IAEA_2003.txt,IAEA_2003.txt,utf-8,259531,40720d76bf061d16b23d6709eda5cbff6d026169
f6b08b740005926406eccd500bbb1181981df618,IAEA,2004,IAEA_2004.txt,IAEA_2004.txt,utf-8,297391,f6b08b740005926406eccd500bbb1181981df618
9797174a376557857cfb7a2510838ce15e493cd4,IAEA,2005,IAEA_2005.txt,IAEA_2005.txt,utf-8,325882,9797174a376557857cfb7a2510838ce15e493cd4
15cb99316e3e6e36d95abee15f95bfd921fb38d4,IAEA,2006,IAEA_2006.txt,IAEA_2006.txt,utf-8,312335,15cb99316e3e6e36d95abee15f95bfd921fb38d4
76c34460c36f5910e06fd2f46ff40b1fa8f99359,IAEA,2007,IAEA_2007.txt,IAEA_2007.txt,utf-8,317398,76c34460c36f5910e06fd2f46ff40b1fa8f99359
7fc17e935787ba6b29128153a2e344af8d605de3,IAEA,2008,IAEA_2008.txt,IAEA_2008.txt,utf-8,699753,7fc17e935787ba6b29128153a2e344af8d605de3
a2ff906d27e831014364d3e458ad86e86557e39a,IAEA,2010,IAEA_2010.txt,IAEA_2010.txt,utf-8,375866,a2ff906d27e831014364d3e458ad86e86557e39a
c7f07b6d8fd05ee6506d8f1f59c2bbb2b3644dc1,IAEA,2011,IAEA_2011.txt,IAEA_2011.txt,utf-8,639631,c7f07b6d8fd05ee6506d8f1f59c2bbb2b3644dc1
54b51718c4c27bc05dde90a3ceeb52968b3b2383,IAEA,2012,IAEA_2012.txt,IAEA_2012.txt,utf-8,377939,54b51718c4c27bc05dde90a3ceeb52968b3b2383
29fc3d3ac5aff3e9689c1ef84690a80e9d920c30,IAEA,2013,IAEA_2013.txt,IAEA_2013.txt,utf-8,396298,29fc3d3ac5aff3e9689c1ef84690a80e9d920c30
a622993801e33a77953b9b0e726b295458817b9b,IAEA,2014,IAEA_2014.txt,IAEA_2014.txt,utf-8,436546,a622993801e33a77953b9b0e726b295458817b9b
f802743de26ee439ed9e2c8c0c8fca016938b4f0,IAEA,2015,IAEA_2015.txt,IAEA_2015.txt,utf-8,422822,f802743de26ee439ed9e2c8c0c8fca016938b4f0
35c92332dfb64cdb2086bad45383b2d908f65e73,IAEA,2016,IAEA_2016.txt,IAEA_2016.txt,utf-8,398175,35c92332dfb64cdb2086bad45383b2d908f65e73
eab8261519621bbb3af16bcfc6a7fc7467b1fb27,IAEA,2017,IAEA_2017.txt,IAEA_2017.txt,utf-8,404076,eab8261519621bbb3af16bcfc6a7fc7467b1fb27
b30453b24ec5bc2fe972f6f6bbef503495901adb,IAEA,2018,IAEA_2018.txt,IAEA_2018.txt,utf-8,430436,b30453b24ec5bc2fe972f6f6bbef503495901adb
c933d05c7e94db55c98142856c5ea4a472428c4a,IAEA,2019,IAEA_2019.txt,IAEA_2019.txt,utf-8,290959,c933d05c7e94db55c98142856c5ea4a472428c4a
05c49a69d5d335f4b760b53964d70849a88fc5bf,IAEA,2020,IAEA_2020.txt,IAEA_2020.txt,utf-8,349743,05c49a69d5d335f4b760b53964d70849a88fc5bf
52537c10e0c09df39d75d45725f3e820d1c28036,IAEA,2021,IAEA_2021.txt,IAEA_2021.txt,utf-8,356154,52537c10e0c09df39d75d45725f3e820d1c28036
135ac835e509a7d3ca5d34cd3ea3582448ca860a,IAEA,2022,IAEA_2022.txt,IAEA_2022.txt,utf-8,414675,135ac835e509a7d3ca5d34cd3ea3582448ca860a
43d09b3732baaee51975e17fa7d124ef96f2355c,IAEA,2023,IAEA_2023.txt,IAEA_2023.txt,utf-8,252563,43d09b3732baaee51975e17fa7d124ef96f2355c
d2713e5af4bbea10148498ed40200b491b064fe8,INTERPOL,1998,INTERPOL_1998.txt,INTERPOL_1998.txt,utf-8,52938,d2713e5af4bbea10148498ed40200b491b064fe8
6d1a4f4fd1e85051e2426aff8b04654e709ee773,INTERPOL,1999,INTERPOL_1999.txt,INTERPOL_1999.txt,utf-8,71836,6d1a4f4fd1e85051e2426aff8b04654e709ee773
3f4f4c186923efc707e001a5005e77ed61fc92dd,INTERPOL,2000,INTERPOL_2000.txt,INTERPOL_2000.txt,utf-8,44097,3f4f4c186923efc707e001a5005e77ed61fc92dd
702439b43d019ed2898a0cf83aa717d6475da848,INTERPOL,2001,INTERPOL_2001.txt,INTERPOL_2001.txt,utf-8,51388,702439b43d019ed2898a0cf83aa717d6475da848
a5ea06131bb303901b3e883a9a5ce2c0f9c5edfa,INTERPOL,2002,INTERPOL_2002.txt,INTERPOL_2002.txt,utf-8,53714,a5ea06131bb303901b3e883a9a5ce2c0f9c5edfa
8db36652b632fe45876fb9eff6a1e8cb221e3219,INTERPOL,2003,INTERPOL_2003.txt,INTERPOL_2003.txt,utf-8,65198,8db36652b632fe45876fb9eff6a1e8cb221e3219
9c8134f943d3191822e8e0821e683495972b0721,INTERPOL,2004,INTERPOL_2004.txt,INTERPOL_2004.txt,utf-8,56216,9c8134f943d3191822e8e0821e683495972b0721
87235c7288b8c73ca8c1aa39223265f6eff3249e,INTERPOL,2005,INTERPOL_2005.txt,INTERPOL_2005.txt,utf-8,67362,87235c7288b8c73ca8c1aa39223265f6eff3249e
2e45a032651b3f54bb9ce7bc03dfaf65aaaeb7f8,INTERPOL,2006,INTERPOL_2006.txt,INTERPOL_2006.txt,utf-8,75841,2e45a032651b3f54bb9ce7bc03dfaf65aaaeb7f8
28e042ba5c90b1954174afaaffd7e6a48777af82,INTERPOL,2007,INTERPOL_2007.txt,INTERPOL_2007.txt,utf-8,72373,28e042ba5c90b1954174afaaffd7e6a48777af82
cdefb372e41c1e70844bad7f564d3c21e868f08d,INTERPOL,2008,INTERPOL_2008.txt,INTERPOL_2008.txt,utf-8,81203,cdefb372e41c1e70844bad7f564d3c21e868f08d
51cf9b5148bd5544575af0af5b63db743d639c48,INTERPOL,2009,INTERPOL_2009.txt,INTERPOL_2009.txt,utf-8,92726,51cf9b5148bd5544575af0af5b63db743d639c48
b9a8c9ebe97687286e97ce4256c29fcc8b19f93e,INTERPOL,2010,INTERPOL_2010.txt,INTERPOL_2010.txt,utf-8,79830,b9a8c9ebe97687286e97ce4256c29fcc8b19f93e
e2d967a3733e45abe94f013465a54412e05e39c4,INTERPOL,2011,INTERPOL_2011.txt,INTERPOL_2011.txt,utf-8,80607,e2d967a3733e45abe94f013465a54412e05e39c4
02f4a655996c2be17aaf3da62f34010caea0effe,INTERPOL,2012,INTERPOL_2012.txt,INTERPOL_2012.txt,utf-8,73298,02f4a655996c2be17aaf3da62f34010caea0effe
feede3480e4ccb3a87521a595d2e731cccc155ae,INTERPOL,2013,INTERPOL_2013.txt,INTERPOL_2013.txt,utf-8,80868,feede3480e4ccb3a87521a595d2e731cccc155ae
bf52a4bfb7076b8072ded24fdb9899fec55318ad,INTERPOL,2014,INTERPOL_2014.txt,INTERPOL_2014.txt,utf-8,66087,bf52a4bfb7076b8072ded24fdb9899fec55318ad
71d8ce8542be4e1c4de375f6d154cddfa574e22b,INTERPOL,2015,INTERPOL_2015.txt,INTERPOL_2015.txt,utf-8,59811,71d8ce8542be4e1c4de375f6d154cddfa574e22b
9ada219d435eca82d8cf4f54648eabb8599a7b5f,INTERPOL,2016,INTERPOL_2016.txt,INTERPOL_2016.txt,utf-8,81994,9ada219d435eca82d8cf4f54648eabb8599a7b5f
f80349893a15ecadc577c69aa9ae698f9c67d492,INTERPOL,2017,INTERPOL_2017.txt,INTERPOL_2017.txt,utf-8,83268,f80349893a15ecadc577c69aa9ae698f9c67d492
5fe85e014f69aeb41659a96553ddbc6133721e4f,INTERPOL,2018,INTERPOL_2018.txt,INTERPOL_2018.txt,utf-8,41476,5fe85e014f69aeb41659a96553ddbc6133721e4f
1a46f217e650916b5a9859372613826e7dd341f7,INTERPOL,2019,INTERPOL_2019.txt,INTERPOL_2019.txt,utf-8,47919,1a46f217e650916b5a9859372613826e7dd341f7
8be58e4b85726ab809e0f6ed58640ef909575d5c,INTERPOL,2020,INTERPOL_2020.txt,INTERPOL_2020.txt,utf-8,47506,8be58e4b85726ab809e0f6ed58640ef909575d5c
e2d0d5d9d499d256a8f25f1831f3f38559cf28d1,INTERPOL,2021,INTERPOL_2021.txt,INTERPOL_2021.txt,utf-8,46516,e2d0d5d9d499d256a8f25f1831f3f38559cf28d1
f1500bdf71999d19da3d8a460e8c0cb9ed7cab6e,INTERPOL,2022,INTERPOL_2022.txt,INTERPOL_2022.txt,utf-8,57074,f1500bdf71999d19da3d8a460e8c0cb9ed7cab6e
e1aca08726371c8413091025acd52ed5b8fa00f9,INTERPOL,2023,INTERPOL_2023.txt,INTERPOL_2023.txt,utf-8,60997,e1aca08726371c8413091025acd52ed5b8fa00f9
f00ec2b64f2c09c6bc03ec9a707bd8dc86ef9a78,NATO,1986,NATO_1986.txt,NATO_1986.txt,utf-8,8040,f00ec2b64f2c09c6bc03ec9a707bd8dc86ef9a78
0262a01894f9324abf6cc8f3385b092e99ad02e9,NATO,1987,NATO_1987.txt,NATO_1987.txt,utf-8,15696,0262a01894f9324abf6cc8f3385b092e99ad02e9
67179ee81af695046797e1a909219a3d29a15015,NATO,1989,NATO_1989.txt,NATO_1989.txt,utf-8,25038,67179ee81af695046797e1a909219a3d29a15015
520adf0e20a093441e6511f31a83cf7ee24594aa,NATO,1990,NATO_1990.txt,NATO_1990.txt,utf-8,15750,520adf0e20a093441e6511f31a83cf7ee24594aa
4528b25a5b7c6b1e0f444e8cf0c9218ac3b869d5,NATO,1991,NATO_1991.txt,NATO_1991.txt,utf-8,12368,4528b25a5b7c6b1e0f444e8cf0c9218ac3b869d5
9f3954d7ba1bfddf03bb0ead1fd56091d0faa3d6,NATO,1992,NATO_1992.txt,NATO_1992.txt,utf-8,11140,9f3954d7ba1bfddf03bb0ead1fd56091d0faa3d6
041f18fb6d6c29351fa51feea11d1db89db1af84,NATO,1993,NATO_1993.txt,NATO_1993.txt,utf-8,13124,041f18fb6d6c29351fa51feea11d1db89db1af84
71853c6197a6a7f222db0f1978c7cb232b87c5ee,NATO,1994,NATO_1994.txt,NATO_1994.txt,utf-8,2,71853c6197a6a7f222db0f1978c7cb232b87c5ee
98ee513f5e23deb97e016e4e41b8fa53b6141341,NATO,1995,NATO_1995.txt,NATO_1995.txt,utf-8,21764,98ee513f5e23deb97e016e4e41b8fa53b6141341
7549610b3108d0f1abfcf6ea0aeca799fc141f75,NATO,1996,NATO_1996.txt,NATO_1996.txt,utf-8,35808,7549610b3108d0f1abfcf6ea0aeca799fc141f75
58a7cb189f337137aa149df64e953d3a5e29c703,NATO,1997,NATO_1997.txt,NATO_1997.txt,utf-8,36514,58a7cb189f337137aa149df64e953d3a5e29c703
690b95981b85b3dfa998075e08554f2ff2ee29a6,NATO,1998,NATO_1998.txt,NATO_1998.txt,utf-8,17613,690b95981b85b3dfa998075e08554f2ff2ee29a6
9f5b5b93eb26e0f1028541beec82e35f0ef0569f,NATO,1999,NATO_1999.txt,NATO_1999.txt,utf-8,39997,9f5b5b93eb26e0f1028541beec82e35f0ef0569f
b88d2aa42002f9d7966e28b03a55e09ec212604e,NATO,2000,NATO_2000.txt,NATO_2000.txt,utf-8,53541,b88d2aa42002f9d7966e28b03a55e09ec212604e
ea9e7005f3ba8ac5c50be33cc519bab367bad04b,NATO,2001,NATO_2001.txt,NATO_2001.txt,utf-8,13725,ea9e7005f3ba8ac5c50be33cc519bab367bad04b
667ee8c41a198b381edfbd0a2da67a1428f6a43c,NATO,2002,NATO_2002.txt,NATO_2002.txt,utf-8,22168,667ee8c41a198b381edfbd0a2da67a1428f6a43c
8c0f390e7164baf5c862858a0730b6e8a1734328,NATO,2003,NATO_2003.txt,NATO_2003.txt,utf-8,19391,8c0f390e7164baf5c862858a0730b6e8a1734328
83fcbb821993607ffc9d49352216b43d26cd75c8,NATO,2004,NATO_2004.txt,NATO_2004.txt,utf-8,38663,83fcbb821993607ffc9d49352216b43d26cd75c8
a313c368a7fbb9242027373d701daab2445d2bf2,NATO,2005,NATO_2005.txt,NATO_2005.txt,utf-8,13110,a313c368a7fbb9242027373d701daab2445d2bf2
613511421ace1c459063ae2b329c5e58d579da5a,NATO,2007,NATO_2007.txt,NATO_2007.txt,utf-8,24239,613511421ace1c459063ae2b329c5e58d579da5a
d77f777df824295934da4f3ecc872f3bfb5d0be9,NATO,2009,NATO_2009.txt,NATO_2009.txt,utf-8,39458,d77f777df824295934da4f3ecc872f3bfb5d0be9
ca91662efd3681f37281d6bec601100f28d466d2,NATO,2010,NATO_2010.txt,NATO_2010.txt,utf-8,46331,ca91662efd3681f37281d6bec601100f28d466d2
3f6ada64aa650325c69a51e8a2a03336ce329bfe,NATO,2011,NATO_2011.txt,NATO_2011.txt,utf-8,59027,3f6ada64aa650325c69a51e8a2a03336ce329bfe
01c8847cd2116f68932d2a22f7228c52bd4cc2e0,NATO,2012,NATO_2012.txt,NATO_2012.txt,utf-8,62040,01c8847cd2116f68932d2a22f7228c52bd4cc2e0
140749f5a916d4f7db609dcb643273a26ffd7a12,NATO,2013,NATO_2013.txt,NATO_2013.txt,utf-8,77060,140749f5a916d4f7db609dcb643273a26ffd7a12
fb8ad9f1f28154a42ff0b13b95dc6b07861527d1,NATO,2014,NATO_2014.txt,NATO_2014.txt,utf-8,61704,fb8ad9f1f28154a42ff0b13b95dc6b07861527d1
f6ac1111c0f13526c306857bfe852cfe428eb22b,NATO,2015,NATO_2015.txt,NATO_2015.txt,utf-8,279920,f6ac1111c0f13526c306857bfe852cfe428eb22b
03ba397dec9f46096ffebe689ac2ea12574b7ac2,NATO,2016,NATO_2016.txt,NATO_2016.txt,utf-8,274164,03ba397dec9f46096ffebe689ac2ea12574b7ac2
3fcf6b71f8976672c0c25336332bf98c90ab1870,NATO,2017,NATO_2017.txt,NATO_2017.txt,utf-8,236072,3fcf6b71f8976672c0c25336332bf98c90ab1870
793e44325985589f7ce4c5bf36501267cef31d76,NATO,2018,NATO_2018.txt,NATO_2018.txt,utf-8,266038,793e44325985589f7ce4c5bf36501267cef31d76
b9a0b0691cfd995d1c8effe60766bcfca38c5d51,NATO,2019,NATO_2019.txt,NATO_2019.txt,utf-8,273861,b9a0b0691cfd995d1c8effe60766bcfca38c5d51
2b8a67718b1520c03c655384756ac07a4668a966,NATO,2021,NATO_2021.txt,NATO_2021.txt,utf-8,330319,2b8a67718b1520c03c655384756ac07a4668a966
f65a64c31227178abadff12bc543244a9f6d64ce,NATO,2023,NATO_2023.txt,NATO_2023.txt,utf-8,354781,f65a64c31227178abadff12bc543244a9f6d64ce
ba4fbd498d5879b755ea4ca2fb1f9553111c42b2,NATO,2024,NATO_2024.txt,NATO_2024.txt,utf-8,192153,ba4fbd498d5879b755ea4ca2fb1f9553111c42b2
771e0d592cbee4c2e5fabd5d8665010e21e543b8,OPCW,2000,OPCW_2000.txt,OPCW_2000.txt,utf-8,182311,771e0d592cbee4c2e5fabd5d8665010e21e543b8
f778cdca41be5a6a3c9cf0073be78fd39c3671b5,OPCW,2001,OPCW_2001.txt,OPCW_2001.txt,utf-8,222618,f778cdca41be5a6a3c9cf0073be78fd39c3671b5
96a12b2cce0f4d377fe4fa1e0b0039ed14a91c4d,OPCW,2002,OPCW_2002.txt,OPCW_2002.txt,utf-8,195979,96a12b2cce0f4d377fe4fa1e0b0039ed14a91c4d
30c713870e09dc92bf783bdcfa03812d2bb331a0,OPCW,2003,OPCW_2003.txt,OPCW_2003.txt,utf-8,190874,30c713870e09dc92bf783bdcfa03812d2bb331a0
8f03cde33e88ab3c3862e039f2ae9f7b088c2a0c,OPCW,2004,OPCW_2004.txt,OPCW_2004.txt,utf-8,87434,8f03cde33e88ab3c3862e039f2ae9f7b088c2a0c
4849fc068bbbfdd8237356723cc5c761bf2a46e6,OPCW,2005,OPCW_2005.txt,OPCW_2005.txt,utf-8,89800,4849fc068bbbfdd8237356723cc5c761bf2a46e6
c0963438ae0081f147bbd80b3d27e3fa5b162c8e,OPCW,2006,OPCW_2006.txt,OPCW_2006.txt,utf-8,89809,c0963438ae0081f147bbd80b3d27e3fa5b162c8e
fa30944cb3ed29c4ac682036b72672f9579b0ab6,OPCW,2007,OPCW_2007.txt,OPCW_2007.txt,utf-8,105477,fa30944cb3ed29c4ac682036b72672f9579b0ab6
fac4a193baf2a5c4661b087043284e442ad367be,OPCW,2008,OPCW_2008.txt,OPCW_2008.txt,utf-8,116469,fac4a193baf2a5c4661b087043284e442ad367be
5ff1381a00c95dc4830167f6015406431bf00397,OPCW,2009,OPCW_2009.txt,OPCW_2009.txt,utf-8,134599,5ff1381a00c95dc4830167f6015406431bf00397
0bbe7e2544b8bbb44ceda132455288b4312d6c74,OPCW,2010,OPCW_2010.txt,OPCW_2010.txt,utf-8,163616,0bbe7e2544b8bbb44ceda132455288b4312d6c74
2add48d8ae48fad402dbde859de5c29d1f3f3573,OPCW,2011,OPCW_2011.txt,OPCW_2011.txt,utf-8,160326,2add48d8ae48fad402dbde859de5c29d1f3f3573
c835f7b61e452fd3c7d6c64bc10c349b088f1703,OPCW,2012,OPCW_2012.txt,OPCW_2012.txt,utf-8,187128,c835f7b61e452fd3c7d6c64bc10c349b088f1703
a3aac94ce442b57d84b82eb29516f7d2b4f3d93b,OPCW,2013,OPCW_2013.txt,OPCW_2013.txt,utf-8,138694,a3aac94ce442b57d84b82eb29516f7d2b4f3d93b
8e369de80b93a5405d24885f4f39a5b538986b56,OPCW,2014,OPCW_2014.txt,OPCW_2014.txt,utf-8,170340,8e369de80b93a5405d24885f4f39a5b538986b56
d4a70a34b7d7bf75aa863e408f0990a7da8e75a1,OPCW,2015,OPCW_2015.txt,OPCW_2015.txt,utf-8,187795,d4a70a34b7d7bf75aa863e408f0990a7da8e75a1
479b5e75f216245fe1685c6a89f67f0bfe263bf5,OPCW,2016,OPCW_2016.txt,OPCW_2016.txt,utf-8,171008,479b5e75f216245fe1685c6a89f67f0bfe263bf5
a2b30d00faa8e89e6ec5e716d033abf640bae11a,OPCW,2017,OPCW_2017.txt,OPCW_2017.txt,utf-8,182143,a2b30d00faa8e89e6ec5e716d033abf640bae11a
0a89f369cdb5eaec282ab796e54470aff850a477,OPCW,2018,OPCW_2018.txt,OPCW_2018.txt,utf-8,173903,0a89f369cdb5eaec282ab796e54470aff850a477
8f628a3187815d849338fb7a6507bacb23a74a63,OPCW,2019,OPCW_2019.txt,OPCW_2019.txt,utf-8,177427,8f628a3187815d849338fb7a6507bacb23a74a63
e4e3aeb8b83ba8a47bde63b05080014770d9ca3c,OPCW,2021,OPCW_2021.txt,OPCW_2021.txt,utf-8,162481,e4e3aeb8b83ba8a47bde63b05080014770d9ca3c
5daba884b8f1d6bd3a47ea53304c156044d55ce2,OPCW,2022,OPCW_2022.txt,OPCW_2022.txt,utf-8,185184,5daba884b8f1d6bd3a47ea53304c156044d55ce2
8f8dfcc4b2d784e8d882dfe78c3226061189745a,OPCW,2023,OPCW_2023.txt,OPCW_2023.txt,utf-8,197177,8f8dfcc4b2d784e8d882dfe78c3226061189745a
64b0480cc0a6842e43efc444b567e3a5d1aa655b,OPCW,2024,OPCW_2024.txt,OPCW_2024.txt,utf-8,213045,64b0480cc0a6842e43efc444b567e3a5d1aa655b
6acffa51a313c99ec34856afeeab1e1bcfa8090a,OSCE,1993,OSCE_1993.txt,OSCE_1993.txt,utf-8,47522,6acffa51a313c99ec34856afeeab1e1bcfa8090a
3a05e4b0a8e1630ae275799182a6028e4bfa1742,OSCE,1994,OSCE_1994.txt,OSCE_1994.txt,utf-8,84858,3a05e4b0a8e1630ae275799182a6028e4bfa1742
bd48acda1e8392c365c825529c4abedd5948e5f6,OSCE,1995,OSCE_1995.txt,OSCE_1995.txt,utf-8,78487,bd48acda1e8392c365c825529c4abedd5948e5f6
16caa3c5ee24f6d926b56388a056ea5e137f4747,OSCE,1996,OSCE_1996.txt,OSCE_1996.txt,utf-8,84304,16caa3c5ee24f6d926b56388a056ea5e137f4747
44c7bd583fba637aec5f57013ce36d1ef96601ef,OSCE,1997,OSCE_1997.txt,OSCE_1997.txt,utf-8,154003,44c7bd583fba637aec5f57013ce36d1ef96601ef
69cdf50fd1a436642518041666cfec18b8bec112,OSCE,1998,OSCE_1998.txt,OSCE_1998.txt,utf-8,259061,69cdf50fd1a436642518041666cfec18b8bec112
ab35d107d54db876cbe8f55a80d5b1429e894b71,OSCE,1999,OSCE_1999.txt,OSCE_1999.txt,utf-8,317874,ab35d107d54db876cbe8f55a80d5b1429e894b71
6cfcb8d02bab38309fccd6b12b7fec0da23b5a9e,OSCE,2000,OSCE_2000.txt,OSCE_2000.txt,utf-8,511119,6cfcb8d02bab38309fccd6b12b7fec0da23b5a9e
fd4fa780963a2d6b3e789edafd443f6ac22b539a,OSCE,2001,OSCE_2001.txt,OSCE_2001.txt,utf-8,588460,fd4fa780963a2d6b3e789edafd443f6ac22b539a
ed39ce67eeb3bb36858be5b308948538ce5762b3,OSCE,2002,OSCE_2002.txt,OSCE_2002.txt,utf-8,410557,ed39ce67eeb3bb36858be5b308948538ce5762b3
bca5a5da5692fa95ee2c050f5454e8b008d70aed,OSCE,2003,OSCE_2003.txt,OSCE_2003.txt,utf-8,690123,bca5a5da5692fa95ee2c050f5454e8b008d70aed
9bfa61123bd32ed6bfb4f1756850fcbe52c170ab,OSCE,2004,OSCE_2004.txt,OSCE_2004.txt,utf-8,670951,9bfa61123bd32ed6bfb4f1756850fcbe52c170ab
69e180a7615cbf275d6321450753bc720294d68b,OSCE,2005,OSCE_2005.txt,OSCE_2005.txt,utf-8,654571,69e180a7615cbf275d6321450753bc720294d68b
aa992bb0465158a7d77f9a50ffb79824aaf830c1,OSCE,2006,OSCE_2006.txt,OSCE_2006.txt,utf-8,513117,aa992bb0465158a7d77f9a50ffb79824aaf830c1
c7803502fd9064335c413ca682b1441c14217048,OSCE,2007,OSCE_2007.txt,OSCE_2007.txt,utf-8,422928,c7803502fd9064335c413ca682b1441c14217048
7cbc032793bf93be2e0a8759c9664c05b12ae806,OSCE,2008,OSCE_2008.txt,OSCE_2008.txt,utf-8,433753,7cbc032793bf93be2e0a8759c9664c05b12ae806
97816b040d1499e4428ed0353ee6581e934b5fb8,OSCE,2009,OSCE_2009.txt,OSCE_2009.txt,utf-8,457053,97816b040d1499e4428ed0353ee6581e934b5fb8
29257147969a3728eab9020d8da283d46cfe4b21,OSCE,2010,OSCE_2010.txt,OSCE_2010.txt,utf-8,506052,29257147969a3728eab9020d8da283d46cfe4b21
3d46bbddc6b609535acd2e75a0e8976d1e7fea89,OSCE,2011,OSCE_2011.txt,OSCE_2011.txt,utf-8,471521,3d46bbddc6b609535acd2e75a0e8976d1e7fea89
2dc15f5cc498dd5fbb8aea7be90810c974455b9d,OSCE,2012,OSCE_2012.txt,OSCE_2012.txt,utf-8,301204,2dc15f5cc498dd5fbb8aea7be90810c974455b9d
bfdfe5df13c4200ef513e459987eabf6f839009c,OSCE,2013,OSCE_2013.txt,OSCE_2013.txt,utf-8,302359,bfdfe5df13c4200ef513e459987eabf6f839009c
634539dd0cf5385dd32cddcf3e7fc8a2c183929a,OSCE,2014,OSCE_2014.txt,OSCE_2014.txt,utf-8,283573,634539dd0cf5385dd32cddcf3e7fc8a2c183929a
e43f78fba346ed857f224c400a7f12e83dbc1f5e,OSCE,2015,OSCE_2015.txt,OSCE_2015.txt,utf-8,277172,e43f78fba346ed857f224c400a7f12e83dbc1f5e
a29786d253909adb52298fccc7c76cfbe047aa9a,OSCE,2016,OSCE_2016.txt,OSCE_2016.txt,utf-8,279346,a29786d253909adb52298fccc7c76cfbe047aa9a
90416b187a1ec847ca06bb56f6baecbbfa858aca,OSCE,2017,OSCE_2017.txt,OSCE_2017.txt,utf-8,285762,90416b187a1ec847ca06bb56f6baecbbfa858aca
4cc7089f98336a10f7df85d71a80ac23e3fa71c6,OSCE,2018,OSCE_2018.txt,OSCE_2018.txt,utf-8,321439,4cc7089f98336a10f7df85d71a80ac23e3fa71c6
a1727f465d3c8041b6191864c94febda1614dafd,OSCE,2019,OSCE_2019.txt,OSCE_2019.txt,utf-8,347489,a1727f465d3c8041b6191864c94febda1614dafd
3f0d3e4f1d6a48882d81775c1ef342275940d776,OSCE,2020,OSCE_2020.txt,OSCE_2020.txt,utf-8,348486,3f0d3e4f1d6a48882d81775c1ef342275940d776
85be6dbbf6cf6e013e415b035da90737852a1e02,OSCE,2021,OSCE_2021.txt,OSCE_2021.txt,utf-8,289269,85be6dbbf6cf6e013e415b035da90737852a1e02
b7af38515ba73665666f361123ae7d6a719783e7,SAARC,1985,SAARC_1985.txt,SAARC_1985.txt,utf-8,11602,b7af38515ba73665666f361123ae7d6a719783e7
511c8e1c81b59a8a5c1177e7c6d1736ff040b1ac,SAARC,1986,SAARC_1986.txt,SAARC_1986.txt,utf-8,21172,511c8e1c81b59a8a5c1177e7c6d1736ff040b1ac
844544d2787c44d6805b81d43d0b4e99e85b0a7b,SAARC,1987,SAARC_1987.txt,SAARC_1987.txt,utf-8,22090,844544d2787c44d6805b81d43d0b4e99e85b0a7b
56df93bb6383123043de22a5a666e39a2002b6c7,SAARC,1988,SAARC_1988.txt,SAARC_1988.txt,utf-8,26865,56df93bb6383123043de22a5a666e39a2002b6c7
d60ded579d01f8d04fe415120c541fe065645400,SAARC,1990,SAARC_1990.txt,SAARC_1990.txt,utf-8,26153,d60ded579d01f8d04fe415120c541fe065645400
159759aaa23ef8761ce9184f41d3e4062a208cf3,SAARC,1993,SAARC_1993.txt,SAARC_1993.txt,utf-8,33698,159759aaa23ef8761ce9184f41d3e4062a208cf3
5aed302cf01cb3290876d81670792734f9d15204,SAARC,1995,SAARC_1995.txt,SAARC_1995.txt,utf-8,33313,5aed302cf01cb3290876d81670792734f9d15204
47465a4949f18c6c23717f9166df3d3e244ed0c2,SAARC,1997,SAARC_1997.txt,SAARC_1997.txt,utf-8,39265,47465a4949f18c6c23717f9166df3d3e244ed0c2
f29ece887cb59b52401246f01fdd58a552c9b034,SAARC,1998,SAARC_1998.txt,SAARC_1998.txt,utf-8,45999,f29ece887cb59b52401246f01fdd58a552c9b034
8a9b744e988bbad5bde6779164785d3e2f411e40,SAARC,1999,SAARC_1999.txt,SAARC_1999.txt,utf-8,24468,8a9b744e988bbad5bde6779164785d3e2f411e40
07300e2dd43ada96ca05f297cb8a7477d6d2f0d4,SAARC,2002,SAARC_2002.txt,SAARC_2002.txt,utf-8,36433,07300e2dd43ada96ca05f297cb8a7477d6d2f0d4
73f68eeb48504a8ee05a407e8108aaf7a03a0e05,SAARC,2004,SAARC_2004.txt,SAARC_2004.txt,utf-8,16436,73f68eeb48504a8ee05a407e8108aaf7a03a0e05
56f168e91ad125c73ad5336ac2af047661db750a,SAARC,2005,SAARC_2005.txt,SAARC_2005.txt,utf-8,36133,56f168e91ad125c73ad5336ac2af047661db750a
538f2ff522be392abc560e7f11cea09945f9b0bb,SAARC,2007,SAARC_2007.txt,SAARC_2007.txt,utf-8,20739,538f2ff522be392abc560e7f11cea09945f9b0bb
d142781b15aac5cefd1696037797acd8372f179c,SAARC,2008,SAARC_2008.txt,SAARC_2008.txt,utf-8,25320,d142781b15aac5cefd1696037797acd8372f179c
916f0fb83a51f547209264266dce926ec63b1e1b,SAARC,2010,SAARC_2010.txt,SAARC_2010.txt,utf-8,19449,916f0fb83a51f547209264266dce926ec63b1e1b
7c44d683cf4ef22a95a1983ece91e9791b3cddcb,SAARC,2011,SAARC_2011.txt,SAARC_2011.txt,utf-8,8331,7c44d683cf4ef22a95a1983ece91e9791b3cddcb
f2685ba3a09fab505aaffeada218247bb9d3ea76,SAARC,2014,SAARC_2014.txt,SAARC_2014.txt,utf-8,19325,f2685ba3a09fab505aaffeada218247bb9d3ea76
ab4b0bfae82e291369740c1a009704bb17fdb7e4,SCO,2001,SCO_2001.txt,SCO_2001.txt,utf-8,15461,ab4b0bfae82e291369740c1a009704bb17fdb7e4
57b68ec37dca6aa86edd9466cb92a8c2bb5f047b,SCO,2003,SCO_2003.txt,SCO_2003.txt,utf-8,12452,57b68ec37dca6aa86edd9466cb92a8c2bb5f047b
423ee40b8bca0b3ce3f500fd450ba0b0a89901a7,SCO,2004,SCO_2004.txt,SCO_2004.txt,utf-8,12495,423ee40b8bca0b3ce3f500fd450ba0b0a89901a7
a238b8b86048517604597610d0efde46413f14de,SCO,2005,SCO_2005.txt,SCO_2005.txt,utf-8,15409,a238b8b86048517604597610d0efde46413f14de
21d4ab9a7c9fa8c0b1730d3f70cce2005b49383a,SCO,2006,SCO_2006.txt,SCO_2006.txt,utf-8,11812,21d4ab9a7c9fa8c0b1730d3f70cce2005b49383a
87dbce7b6d193425eb94f057a86f478da5f220ae,SCO,2007,SCO_2007.txt,SCO_2007.txt,utf-8,7258,87dbce7b6d193425eb94f057a86f478da5f220ae
907268965f3876be32260fd5616e4257f99de1c9,SCO,2008,SCO_2008.txt,SCO_2008.txt,utf-8,10853,907268965f3876be32260fd5616e4257f99de1c9
4e836c517fc1ce767a03c567abfcfa63edc3495a,SCO,2009,SCO_2009.txt,SCO_2009.txt,utf-8,10432,4e836c517fc1ce767a03c567abfcfa63edc3495a
f349c353447a5f7867f1d89d0edb228f6c099976,SCO,2010,SCO_2010.txt,SCO_2010.txt,utf-8,11804,f349c353447a5f7867f1d89d0edb228f6c099976
aa50817d364f15a704a0676a99d818d31ea5f17c,SCO,2011,SCO_2011.txt,SCO_2011.txt,utf-8,16255,aa50817d364f15a704a0676a99d818d31ea5f17c
2f0b2cfeb36e588afaa13aa3580e675095712f03,SCO,2013,SCO_2013.txt,SCO_2013.txt,utf-8,13642,2f0b2cfeb36e588afaa13aa3580e675095712f03
e99525e2ec7a416feaa936cac23208ff2ddf7426,SCO,2014,SCO_2014.txt,SCO_2014.txt,utf-8,19744,e99525e2ec7a416feaa936cac23208ff2ddf7426
b7c6bf591710a1bd2fba599cc0bed148cb9974b0,SCO,2015,SCO_2015.txt,SCO_2015.txt,utf-8,15792,b7c6bf591710a1bd2fba599cc0bed148cb9974b0
4f93e65eb144e3dcbae8e706c3e86c678bc8f421,SCO,2016,SCO_2016.txt,SCO_2016.txt,utf-8,24775,4f93e65eb144e3dcbae8e706c3e86c678bc8f421
0b5dc7658bef239ccc1b485667990be85ef3b779,SCO,2017,SCO_2017.txt,SCO_2017.txt,utf-8,27159,0b5dc7658bef239ccc1b485667990be85ef3b779
b3157579b6455ca10cb36b043d8db756633c1fba,SCO,2019,SCO_2019.txt,SCO_2019.txt,utf-8,129565,b3157579b6455ca10cb36b043d8db756633c1fba
3f98210a4f764c304b61112f4ebafcd230c1b76f,SCO,2020,SCO_2020.txt,SCO_2020.txt,utf-8,55350,3f98210a4f764c304b61112f4ebafcd230c1b76f
6523db1f3724b80135fac495d8895b4ad678a600,SCO,2022,SCO_2022.txt,SCO_2022.txt,utf-8,58211,6523db1f3724b80135fac495d8895b4ad678a600
f7ef37fecb83a5e9b1134f1b57d0b77a3b9c8178,SCO,2023,SCO_2023.txt,SCO_2023.txt,utf-8,3492,f7ef37fecb83a5e9b1134f1b57d0b77a3b9c8178
1974ed21481f1fcbf5c1954ccd38cff80ce33715,UNSC,1975,UNSC_1975.txt,UNSC_1975.txt,utf-8,405415,1974ed21481f1fcbf5c1954ccd38cff80ce33715
114a31cba89159c3272a69bf0bf0c23ba01ca240,UNSC,1976,UNSC_1976.txt,UNSC_1976.txt,utf-8,341748,114a31cba89159c3272a69bf0bf0c23ba01ca240
ecd2b1e4d48e933e80202db5e8d7baf0b19a892e,UNSC,1977,UNSC_1977.txt,UNSC_1977.txt,utf-8,298496,ecd2b1e4d48e933e80202db5e8d7baf0b19a892e
f36c66f075865eae5bd7e0d2b2875574786e06db,UNSC,1978,UNSC_1978.txt,UNSC_1978.txt,utf-8,392408,f36c66f075865eae5bd7e0d2b2875574786e06db
021f105e9f44444c1db972a818ca564bc293a840,UNSC,1979,UNSC_1979.txt,UNSC_1979.txt,utf-8,398615,021f105e9f44444c1db972a818ca564bc293a840
1a7207f8cb5a7b6b35f628ee193d58f0e85aed40,UNSC,1980,UNSC_1980.txt,UNSC_1980.txt,utf-8,333720,1a7207f8cb5a7b6b35f628ee193d58f0e85aed40
536c8fd5a62de9a380ec089dfbfda5d3100a59b1,UNSC,1981,UNSC_1981.txt,UNSC_1981.txt,utf-8,707016,536c8fd5a62de9a380ec089dfbfda5d3100a59b1
44fd4eeacb84bff3e34cc4da0672d4b709aab14d,UNSC,1982,UNSC_1982.txt,UNSC_1982.txt,utf-8,399314,44fd4eeacb84bff3e34cc4da0672d4b709aab14d
bedf36f21d3d3df42f5cee5d6e859b01a8762f4f,UNSC,1983,UNSC_1983.txt,UNSC_1983.txt,utf-8,387422,bedf36f21d3d3df42f5cee5d6e859b01a8762f4f
c789e5d930ab034ed49fac27b0dfe18a4e230de0,UNSC,1984,UNSC_1984.txt,UNSC_1984.txt,utf-8,293041,c789e5d930ab034ed49fac27b0dfe18a4e230de0
71e201203ece2d345713016e4986ef31f731e717,UNSC,1985,UNSC_1985.txt,UNSC_1985.txt,utf-8,551734,71e201203ece2d345713016e4986ef31f731e717
a35df31e8a2c18d7cba311557dfec9474f4e5610,UNSC,1986,UNSC_1986.txt,UNSC_1986.txt,utf-8,347277,a35df31e8a2c18d7cba311557dfec9474f4e5610
e08b0c5f92ad97948c89476a7de2c7f6e4185cf2,UNSC,1987,UNSC_1987.txt,UNSC_1987.txt,utf-8,456616,e08b0c5f92ad97948c89476a7de2c7f6e4185cf2
56966edabb481ac9c663b86a4a340b2501424b5c,UNSC,1988,UNSC_1988.txt,UNSC_1988.txt,utf-8,328356,56966edabb481ac9c663b86a4a340b2501424b5c
6ae617873abd5e4abf5708bfb505e9f20db8c144,UNSC,1989,UNSC_1989.txt,UNSC_1989.txt,utf-8,438863,6ae617873abd5e4abf5708bfb505e9f20db8c144
d43352160ea181a06194ec10858b5d959de1bec3,UNSC,1993,UNSC_1993.txt,UNSC_1993.txt,utf-8,1296800,d43352160ea181a06194ec10858b5d959de1bec3
13f66491e602d46fdae8ab756242850c6937e122,UNSC,1994,UNSC_1994.txt,UNSC_1994.txt,utf-8,1303960,13f66491e602d46fdae8ab756242850c6937e122
0507d85ef2ae0e96756124bdf47a16441411fe20,UNSC,1995,UNSC_1995.txt,UNSC_1995.txt,utf-8,1096508,0507d85ef2ae0e96756124bdf47a16441411fe20
0b715f3b0a4f4297b0bc5fafe7424fee4f3cb283,UNSC,1996,UNSC_1996.txt,UNSC_1996.txt,utf-8,1062493,0b715f3b0a4f4297b0bc5fafe7424fee4f3cb283
c178f36e99bfd165ff79c58e67d3aca27a058c77,UNSC,1997,UNSC_1997.txt,UNSC_1997.txt,utf-8,1508986,c178f36e99bfd165ff79c58e67d3aca27a058c77
b35df9ef6692798dbc08a0ac886ac306b05971a0,UNSC,1998,UNSC_1998.txt,UNSC_1998.txt,utf-8,589845,b35df9ef6692798dbc08a0ac886ac306b05971a0
4236539bace23cf4d985623698e92b12e48c29f8,UNSC,1999,UNSC_1999.txt,UNSC_1999.txt,utf-8,660704,4236539bace23cf4d985623698e92b12e48c29f8
125f66b8a85fcde2704603a4bccc74ce52012f7f,UNSC,2000,UNSC_2000.txt,UNSC_2000.txt,utf-8,564561,125f66b8a85fcde2704603a4bccc74ce52012f7f
da1ac9d25ca008cba7446fd1e1a9736591f105e7,UNSC,2001,UNSC_2001.txt,UNSC_2001.txt,utf-8,560810,da1ac9d25ca008cba7446fd1e1a9736591f105e7
de0df5198209be313d1d7449d356aec120b55f9e,UNSC,2002,UNSC_2002.txt,UNSC_2002.txt,utf-8,443553,de0df5198209be313d1d7449d356aec120b55f9e
2e0e94480c57d9e9a5b03b76cb6db8d34f059182,UNSC,2003,UNSC_2003.txt,UNSC_2003.txt,utf-8,508095,2e0e94480c57d9e9a5b03b76cb6db8d34f059182
17f3384964d1a5f0c387175c6e9473aa6f16601f,UNSC,2004,UNSC_2004.txt,UNSC_2004.txt,utf-8,537682,17f3384964d1a5f0c387175c6e9473aa6f16601f
f132b4a337794a7be894998e1f957f0a253a8c3d,UNSC,2005,UNSC_2005.txt,UNSC_2005.txt,utf-8,541833,f132b4a337794a7be894998e1f957f0a253a8c3d
a796b401aca623b1266e5a94847e81adb6a754e2,UNSC,2006,UNSC_2006.txt,UNSC_2006.txt,utf-8,586789,a796b401aca623b1266e5a94847e81adb6a754e2
f00a7230c2e02a35bb06c2368f54fe316fe8eec3,UNSC,2007,UNSC_2007.txt,UNSC_2007.txt,utf-8,691362,f00a7230c2e02a35bb06c2368f54fe316fe8eec3
353b97ccdb82e94965206febb11d0d44811e6e54,UNSC,2008,UNSC_2008.txt,UNSC_2008.txt,utf-8,668686,353b97ccdb82e94965206febb11d0d44811e6e54
28f98079b1ba25d346b950ea32403148efab5004,UNSC,2009,UNSC_2009.txt,UNSC_2009.txt,utf-8,505303,28f98079b1ba25d346b950ea32403148efab5004
f931bfe66aa358603594b69c4516f8b120c53a72,UNSC,2010,UNSC_2010.txt,UNSC_2010.txt,utf-8,581425,f931bfe66aa358603594b69c4516f8b120c53a72
efa0e0edf63d6836ac612ceceec9500ba0c45d4c,UNSC,2011,UNSC_2011.txt,UNSC_2011.txt,utf-8,705663,efa0e0edf63d6836ac612ceceec9500ba0c45d4c
9fedb230bb3566f45a4e89b6b8e0f25f747ab0b0,UNSC,2012,UNSC_2012.txt,UNSC_2012.txt,utf-8,708790,9fedb230bb3566f45a4e89b6b8e0f25f747ab0b0
c611aa35ce13b396f47153158b432d755cbcd681,UNSC,2013,UNSC_2013.txt,UNSC_2013.txt,utf-8,785951,c611aa35ce13b396f47153158b432d755cbcd681
fcf2974e03d4e89f8f0e19843166eb5371e68646,UNSC,2014,UNSC_2014.txt,UNSC_2014.txt,utf-8,625748,fcf2974e03d4e89f8f0e19843166eb5371e68646
5d1683488c82b05cd2f4736ca92827e7ccd300d4,UNSC,2016,UNSC_2016.txt,UNSC_2016.txt,utf-8,615388,5d1683488c82b05cd2f4736ca92827e7ccd300d4
4ddf2a3e841d68d33c28bd2a3ee474f783868ddf,UNSC,2017,UNSC_2017.txt,UNSC_2017.txt,utf-8,445602,4ddf2a3e841d68d33c28bd2a3ee474f783868ddf
1bea0f3c6803eee357ac6011b9dcd902ba757aa4,UNSC,2018,UNSC_2018.txt,UNSC_2018.txt,utf-8,440034,1bea0f3c6803eee357ac6011b9dcd902ba757aa4
1eeff24ca2da08bf09bf614507f3f16b1d8c9582,UNSC,2019,UNSC_2019.txt,UNSC_2019.txt,utf-8,382795,1eeff24ca2da08bf09bf614507f3f16b1d8c9582
2acf835a70c0dd165d8d76fb9ad0f14cbbf42b3a,UNSC,2020,UNSC_2020.txt,UNSC_2020.txt,utf-8,444542,2acf835a70c0dd165d8d76fb9ad0f14cbbf42b3a
09b129412fafa73b9f52f122c1dcd7ff79a0accb,UNSC,2021,UNSC_2021.txt,UNSC_2021.txt,utf-8,413571,09b129412fafa73b9f52f122c1dcd7ff79a0accb
67f7a5e43297fcc00e715a7d27630603c94d6353,UNSC,2022,UNSC_2022.txt,UNSC_2022.txt,utf-8,359534,67f7a5e43297fcc00e715a7d27630603c94d6353
7eaa708d2cf1fb499405b26439a6f44a7bcaa895,UNSC,2023,UNSC_2023.txt,UNSC_2023.txt,utf-8,361640,7eaa708d2cf1fb499405b26439a6f44a7bcaa895
5e35b8a28d5066eee7aa52df81a9a78ef55dd017,UNSC,2024,UNSC_2024.txt,UNSC_2024.txt,utf-8,357912,5e35b8a28d5066eee7aa52df81a9a78ef55dd017
e75a3c86af7356e05f6f735cdc1c7fe9e567984f,aupcs,2010,aupcs_2010.txt,aupcs_2010.txt,utf-8,171186,e75a3c86af7356e05f6f735cdc1c7fe9e567984f
346b5abbfc2669bfa759e48145688eb60626499b,aupcs,2012,aupcs_2012.txt,aupcs_2012.txt,utf-8,177209,346b5abbfc2669bfa759e48145688eb60626499b
54513dfc4caa24ece7857016f85e04bea4c5e48b,aupcs,2013,aupcs_2013.txt,aupcs_2013.txt,utf-8,125545,54513dfc4caa24ece7857016f85e04bea4c5e48b
85ff17d898d5db284c1ceaf71c7670008fc40fb0,aupcs,2015,aupcs_2015.txt,aupcs_2015.txt,utf-8,161224,85ff17d898d5db284c1ceaf71c7670008fc40fb0
70bb11434ec897933303d1feae46e2f8da27ebcc,aupcs,2020,aupcs_2020.txt,aupcs_2020.txt,utf-8,227521,70bb11434ec897933303d1feae46e2f8da27ebcc
e8bad98ee73289ee5c8ad33932a5b8fd93e9e87b,aupcs,2023,aupcs_2023.txt,aupcs_2023.txt,utf-8,624498,e8bad98ee73289ee5c8ad33932a5b8fd93e9e87b
0e451f9eabe96c66c4cef84e8f26c7a7aa4c98b8,fatf,1990,fatf_1990.txt,fatf_1990.txt,utf-8,67106,0e451f9eabe96c66c4cef84e8f26c7a7aa4c98b8
201514ef16b246043bad71221595dc4965ec5a70,fatf,1991,fatf_1991.txt,fatf_1991.txt,utf-8,101772,201514ef16b246043bad71221595dc4965ec5a70
ec15bb7a4321319a07b7a89697efe290dd0c3ba5,fatf,1992,fatf_1992.txt,fatf_1992.txt,utf-8,110646,ec15bb7a4321319a07b7a89697efe290dd0c3ba5
60ff0224ee87c89687dc3bb643dab14e65865664,fatf,1993,fatf_1993.txt,fatf_1993.txt,utf-8,86533,60ff0224ee87c89687dc3bb643dab14e65865664
182da88b76e350a7f3f650d059f690f77fd76626,fatf,1994,fatf_1994.txt,fatf_1994.txt,utf-8,69069,182da88b76e350a7f3f650d059f690f77fd76626
99a2e93ef776f39f4c214fc21d5c565c39cae700,fatf,1995,fatf_1995.txt,fatf_1995.txt,utf-8,136424,99a2e93ef776f39f4c214fc21d5c565c39cae700
d21fa654713f06be7f33a4ea1cd3df78de557adf,fatf,1996,fatf_1996.txt,fatf_1996.txt,utf-8,295835,d21fa654713f06be7f33a4ea1cd3df78de557adf
d2044396921a2d6cf6fa4caf0240575238aa4ca4,fatf,1997,fatf_1997.txt,fatf_1997.txt,utf-8,251470,d2044396921a2d6cf6fa4caf0240575238aa4ca4
69cea31b7a2b9b5e4798515170f4735e4577666f,fatf,1998,fatf_1998.txt,fatf_1998.txt,utf-8,251816,69cea31b7a2b9b5e4798515170f4735e4577666f
0dceca5cdad9413f81034493efdb47a00fdec99c,fatf,1999,fatf_1999.txt,fatf_1999.txt,utf-8,386380,0dceca5cdad9413f81034493efdb47a00fdec99c
c000b05863198ffdbaedad2dc9c55eabab7b938e,fatf,2000,fatf_2000.txt,fatf_2000.txt,utf-8,222744,c000b05863198ffdbaedad2dc9c55eabab7b938e
7de779d56412c0079d448d46b18990a475b0ea84,fatf,2001,fatf_2001.txt,fatf_2001.txt,utf-8,207108,7de779d56412c0079d448d46b18990a475b0ea84
d41853d69c1aadf2b729d60b12e486248187ff9b,fatf,2002,fatf_2002.txt,fatf_2002.txt,utf-8,134231,d41853d69c1aadf2b729d60b12e486248187ff9b
4517e9dbf7f1f6d7cfe1bb2981e3bf1bee35be3a,fatf,2003,fatf_2003.txt,fatf_2003.txt,utf-8,95332,4517e9dbf7f1f6d7cfe1bb2981e3bf1bee35be3a
84126d86c134415347085fe7cb6f6b88c553d9fb,fatf,2004,fatf_2004.txt,fatf_2004.txt,utf-8,42518,84126d86c134415347085fe7cb6f6b88c553d9fb
f5ea8c3c80b781847485bc59df4840572508d79a,fatf,2005,fatf_2005.txt,fatf_2005.txt,utf-8,50065,f5ea8c3c80b781847485bc59df4840572508d79a
b11a4aa4b8941473bc1225ccf2532521f9d6387c,fatf,2006,fatf_2006.txt,fatf_2006.txt,utf-8,62617,b11a4aa4b8941473bc1225ccf2532521f9d6387c
a8b06a515fb39b65e75bad8b79c87996b2a5b294,fatf,2007,fatf_2007.txt,fatf_2007.txt,utf-8,96958,a8b06a515fb39b65e75bad8b79c87996b2a5b294
5b0aad11677a00ebbf2361a0c9eba65d015757db,fatf,2009,fatf_2009.txt,fatf_2009.txt,utf-8,93042,5b0aad11677a00ebbf2361a0c9eba65d015757db
0d350344db9bba3b094a0f3a4ecf9a4a37d0703a,fatf,2011,fatf_2011.txt,fatf_2011.txt,utf-8,96446,0d350344db9bba3b094a0f3a4ecf9a4a37d0703a
a2703a41721c22caa9846b0ec178cb468d28666a,fatf,2012,fatf_2012.txt,fatf_2012.txt,utf-8,77294,a2703a41721c22caa9846b0ec178cb468d28666a
95f807860290fc57514208a038a136fa9e012226,fatf,2013,fatf_2013.txt,fatf_2013.txt,utf-8,88851,95f807860290fc57514208a038a136fa9e012226
163ae65a2fdfeb251f61c2fc1a0a0a937d01249f,fatf,2014,fatf_2014.txt,fatf_2014.txt,utf-8,83923,163ae65a2fdfeb251f61c2fc1a0a0a937d01249f
2ed596da1581c38a385e47e4a7378c93f4ca6304,fatf,2015,fatf_2015.txt,fatf_2015.txt,utf-8,125736,2ed596da1581c38a385e47e4a7378c93f4ca6304
163796b82627419d03d1aed3d864bc3e8a76ab12,fatf,2016,fatf_2016.txt,fatf_2016.txt,utf-8,132488,163796b82627419d03d1aed3d864bc3e8a76ab12
6a365740c7008ac1875483be60064c58994467ed,fatf,2017,fatf_2017.txt,fatf_2017.txt,utf-8,133196,6a365740c7008ac1875483be60064c58994467ed
a3ddfdc662e43fcd497348590c868735cc8ea677,fatf,2019,fatf_2019.txt,fatf_2019.txt,utf-8,86159,a3ddfdc662e43fcd497348590c868735cc8ea677
77e66e6a0c42b6de7d76635b5e6537305527c5d9,fatf,2020,fatf_2020.txt,fatf_2020.txt,utf-8,119323,77e66e6a0c42b6de7d76635b5e6537305527c5d9
993c42f209e92adfc527bd814de866463efc8b60,fatf,2021,fatf_2021.txt,fatf_2021.txt,utf-8,91274,993c42f209e92adfc527bd814de866463efc8b60
b1d7e927d210e0b40310937182c6f8966da2055d,fatf,2022,fatf_2022.txt,fatf_2022.txt,utf-8,100912,b1d7e927d210e0b40310937182c6f8966da2055d
f8b96b70e3ae183d234487d26cc3f2f2d3a6e55a,fatf,2023,fatf_2023.txt,fatf_2023.txt,utf-8,87437,f8b96b70e3ae183d234487d26cc3f2f2d3a6e55a
b32e6740e9ea767e438b355340ee4971c7c3c708,fatf,2024,fatf_2024.txt,fatf_2024.txt,utf-8,73206,b32e6740e9ea767e438b355340ee4971c7c3c708
e7afc57b192bc74576a11c37999570e446ac338e,oascicad,2000,oascicad_2000.txt,oascicad_2000.txt,utf-8,12555,e7afc57b192bc74576a11c37999570e446ac338e
5de86a4153a02030320367f031ea389c0777c1fa,oascicad,2001,oascicad_2001.txt,oascicad_2001.txt,utf-8,14968,5de86a4153a02030320367f031ea389c0777c1fa
0974203977465baaef8f129a1fbd06d288a7108d,oascicad,2002,oascicad_2002.txt,oascicad_2002.txt,utf-8,142340,0974203977465baaef8f129a1fbd06d288a7108d
84c63cf8f5793000e0588856781dfba8301b28cc,oascicad,2003,oascicad_2003.txt,oascicad_2003.txt,utf-8,134050,84c63cf8f5793000e0588856781dfba8301b28cc
687b155ea71cd1c6e544e8cf11d6053b3d594290,oascicad,2007,oascicad_2007.txt,oascicad_2007.txt,utf-8,32053,687b155ea71cd1c6e544e8cf11d6053b3d594290
eb43b5d8909d97c8262900cb6e45dee9df1c955d,oascicad,2010,oascicad_2010.txt,oascicad_2010.txt,utf-8,17703,eb43b5d8909d97c8262900cb6e45dee9df1c955d
feb83c8a890464de0756c53e6667032099a2b041,oascicad,2014,oascicad_2014.txt,oascicad_2014.txt,utf-8,87718,feb83c8a890464de0756c53e6667032099a2b041
9be5b97e66fef8a696a5ef284337ab1f77ded164,oascicad,2018,oascicad_2018.txt,oascicad_2018.txt,utf-8,61402,9be5b97e66fef8a696a5ef284337ab1f77ded164
da0facb12218ece0a59bada263c3994f436b97eb,oascicad,2021,oascicad_2021.txt,oascicad_2021.txt,utf-8,53828,da0facb12218ece0a59bada263c3994f436b97eb
c42e634a841bbc197de9be3157882dfa7cec0ea0,oascicad,2022,oascicad_2022.txt,oascicad_2022.txt,utf-8,65773,c42e634a841bbc197de9be3157882dfa7cec0ea0
7b4bd6bb9fed3e4b4dc0b74a7f687860c827da12,oascicad,2023,oascicad_2023.txt,oascicad_2023.txt,utf-8,68358,7b4bd6bb9fed3e4b4dc0b74a7f687860c827da12
3c965a06a2ee64b3bf658ee22ac2e7ffa4352345,unoda,1994,unoda_1994.txt,unoda_1994.txt,utf-8,365232,3c965a06a2ee64b3bf658ee22ac2e7ffa4352345
afbac3b7469bde6ce61dc68a5e5824320f4571b5,unoda,1995,unoda_1995.txt,unoda_1995.txt,utf-8,304252,afbac3b7469bde6ce61dc68a5e5824320f4571b5
050387b92d3ca7af9981bcb16122520eb0e8909f,unoda,1996,unoda_1996.txt,unoda_1996.txt,utf-8,133324,050387b92d3ca7af9981bcb16122520eb0e8909f
9a7848ba2fc314c77a37dfb0aab8562bf9d9484d,unoda,1997,unoda_1997.txt,unoda_1997.txt,utf-8,37080,9a7848ba2fc314c77a37dfb0aab8562bf9d9484d
bf880eff0d5b586756338f377cbfedc6a7ce426f,unoda,1998,unoda_1998.txt,unoda_1998.txt,utf-8,106609,bf880eff0d5b586756338f377cbfedc6a7ce426f
93c2630545d7ff799f447cd8b644509a79656374,unoda,1999,unoda_1999.txt,unoda_1999.txt,utf-8,28578,93c2630545d7ff799f447cd8b644509a79656374
9a6e74c8476fb9f36fd0d7a8826a0ff4aacec86d,unoda,2000,unoda_2000.txt,unoda_2000.txt,utf-8,26956,9a6e74c8476fb9f36fd0d7a8826a0ff4aacec86d
513b577ac62a2e5f2f94d6a78f1d450754d98135,unoda,2001,unoda_2001.txt,unoda_2001.txt,utf-8,29838,513b577ac62a2e5f2f94d6a78f1d450754d98135
eacf320ab0ff3a7c82034a374d3a3f5f324ad97e,unoda,2002,unoda_2002.txt,unoda_2002.txt,utf-8,33270,eacf320ab0ff3a7c82034a374d3a3f5f324ad97e
d1af49b0c093b09cd0a2f814fd01637f5b93b245,unoda,2003,unoda_2003.txt,unoda_2003.txt,utf-8,30517,d1af49b0c093b09cd0a2f814fd01637f5b93b245
3bd0ff46ef7156ed303dd99d11bb30b6bbe222f2,unoda,2004,unoda_2004.txt,unoda_2004.txt,utf-8,31291,3bd0ff46ef7156ed303dd99d11bb30b6bbe222f2
f7b8dc7b71a30601d17dd57309bf97b6bdcb9895,unoda,2005,unoda_2005.txt,unoda_2005.txt,utf-8,26062,f7b8dc7b71a30601d17dd57309bf97b6bdcb9895
b64056f9a6d62aa57863618250c19540972f4507,unoda,2006,unoda_2006.txt,unoda_2006.txt,utf-8,17357,b64056f9a6d62aa57863618250c19540972f4507
6deb95a340647b19ceb21b65ee537ff84c8cb7a1,unoda,2007,unoda_2007.txt,unoda_2007.txt,utf-8,35749,6deb95a340647b19ceb21b65ee537ff84c8cb7a1
e9cd0140ad5eb020d71f930090b751ad78a0ed6d,unoda,2008,unoda_2008.txt,unoda_2008.txt,utf-8,33615,e9cd0140ad5eb020d71f930090b751ad78a0ed6d
749be5f0edf2710ef0a38453a5f21cf384b85c1e,unoda,2009,unoda_2009.txt,unoda_2009.txt,utf-8,41674,749be5f0edf2710ef0a38453a5f21cf384b85c1e
43d9e96fb46c5973ae19e21f329fc733e6c28997,unoda,2010,unoda_2010.txt,unoda_2010.txt,utf-8,30437,43d9e96fb46c5973ae19e21f329fc733e6c28997
c491e8ae581754df58b0e163348ac6c1053a1f4c,unoda,2012,unoda_2012.txt,unoda_2012.txt,utf-8,36964,c491e8ae581754df58b0e163348ac6c1053a1f4c
ffc7025194337434e6b36e51291ba033d46f3c39,unoda,2014,unoda_2014.txt,unoda_2014.txt,utf-8,60913,ffc7025194337434e6b36e51291ba033d46f3c39
d3f5503f24890dd354c7d03d717d3d5b492d2d11,unoda,2015,unoda_2015.txt,unoda_2015.txt,utf-8,60834,d3f5503f24890dd354c7d03d717d3d5b492d2d11
a0fe65a5d3473186d62b6c81d4252ba5920184fc,unoda,2016,unoda_2016.txt,unoda_2016.txt,utf-8,45052,a0fe65a5d3473186d62b6c81d4252ba5920184fc
b54b0effbca2e97de9626832d0a11aadbff9bafd,unoda,2017,unoda_2017.txt,unoda_2017.txt,utf-8,52171,b54b0effbca2e97de9626832d0a11aadbff9bafd
ba2e7fcc515fd5d919e00220127a79235925e7a5,unoda,2018,unoda_2018.txt,unoda_2018.txt,utf-8,25252,ba2e7fcc515fd5d919e00220127a79235925e7a5
e0e4c813fef8db66645b22bba7fcf09aa43a6400,unoda,2019,unoda_2019.txt,unoda_2019.txt,utf-8,23622,e0e4c813fef8db66645b22bba7fcf09aa43a6400
0335f18254471c1e7546598733ae6ccb4ef14358,unoda,2020,unoda_2020.txt,unoda_2020.txt,utf-8,36158,0335f18254471c1e7546598733ae6ccb4ef14358
17e374b1645e48343f40173f03b9e15ebe71b964,unoda,2021,unoda_2021.txt,unoda_2021.txt,utf-8,42761,17e374b1645e48343f40173f03b9e15ebe71b964
795b30f1b0e2ded121abee8aa3a17deb8a6ff50f,unoda,2023,unoda_2023.txt,unoda_2023.txt,utf-8,55638,795b30f1b0e2ded121abee8aa3a17deb8a6ff50f
da799029f6d9e53495a01e203eaee640546301fc,unoda,2024,unoda_2024.txt,unoda_2024.txt,utf-8,50881,da799029f6d9e53495a01e203eaee640546301fc
